{
  "Total" : {
    "transaction" : "Total",
    "sampleCount" : 20,
    "errorCount" : 0,
    "errorPct" : 0.0,
    "meanResTime" : 1934.6,
    "medianResTime" : 1674.0,
    "minResTime" : 1307.0,
    "maxResTime" : 3408.0,
    "pct1ResTime" : 3170.2000000000007,
    "pct2ResTime" : 3397.7999999999997,
    "pct3ResTime" : 3408.0,
    "throughput" : 2.5201612903225805,
    "receivedKBytesPerSec" : 1237.1304419732862,
    "sentKBytesPerSec" : 0.2904092111895161
  },
  "DarazLoadConfigure" : {
    "transaction" : "DarazLoadConfigure",
    "sampleCount" : 20,
    "errorCount" : 0,
    "errorPct" : 0.0,
    "meanResTime" : 1934.6,
    "medianResTime" : 1674.0,
    "minResTime" : 1307.0,
    "maxResTime" : 3408.0,
    "pct1ResTime" : 3170.2000000000007,
    "pct2ResTime" : 3397.7999999999997,
    "pct3ResTime" : 3408.0,
    "throughput" : 2.5201612903225805,
    "receivedKBytesPerSec" : 1237.1304419732862,
    "sentKBytesPerSec" : 0.2904092111895161
  }
}